{"评价维度": [{"text": "课程", "start": 0, "end": 2, "probability": 0.9848400546177061, "relations": {"观点词": [{"text": "简短", "start": 4, "end": 6, "probability": 0.7815004410843329}], "情感倾向[正向,负向,未提及]": [{"text": "负向", "probability": 0.6985509440531636}]}}], "raw_id": 382}
{"评价维度": [{"text": "总结", "start": 30, "end": 32, "probability": 0.7839519153778838, "relations": {"观点词": [{"text": "到位", "start": 34, "end": 36, "probability": 0.9984153864414935}], "情感倾向[正向,负向,未提及]": [{"text": "正向", "probability": 0.9993677537443091}]}}], "raw_id": 383}
{"评价维度": [{"text": "课程", "start": 5, "end": 7, "probability": 0.8491903175259168, "relations": {"观点词": [{"text": "合理", "start": 54, "end": 56, "probability": 0.9664886914632866}], "情感倾向[正向,负向,未提及]": [{"text": "正向", "probability": 0.9975752169768697}]}}], "raw_id": 384}
{"评价维度": [{"text": "老师", "start": 3, "end": 5, "probability": 0.7840453090660446, "relations": {"观点词": [{"text": "标准", "start": 10, "end": 12, "probability": 0.5089509527663836}], "情感倾向[正向,负向,未提及]": [{"text": "正向", "probability": 0.9833580077812165}]}}], "raw_id": 386}
{"评价维度": [{"text": "系统", "start": 7, "end": 9, "probability": 0.3192118498057255, "relations": {"观点词": [{"text": "真正", "start": 10, "end": 12, "probability": 0.6094942174268851}, {"text": "诚意", "start": 15, "end": 17, "probability": 0.530265324468516}], "情感倾向[正向,负向,未提及]": [{"text": "正向", "probability": 0.9986147848151035}]}}], "raw_id": 387}
{"评价维度": [{"text": "内容", "start": 0, "end": 2, "probability": 0.9866156328233444, "relations": {"观点词": [{"text": "全面", "start": 3, "end": 5, "probability": 0.9952208500012425}], "情感倾向[正向,负向,未提及]": [{"text": "正向", "probability": 0.9996750003446238}]}}], "raw_id": 388}
{"评价维度": [{"text": "讲解", "start": 2, "end": 4, "probability": 0.7352901809002077, "relations": {"观点词": [{"text": "详细", "start": 4, "end": 6, "probability": 0.9778000467344015}], "情感倾向[正向,负向,未提及]": [{"text": "正向", "probability": 0.9993523166038294}]}}, {"text": "内容", "start": 7, "end": 9, "probability": 0.9338316539444804, "relations": {"观点词": [{"text": "充实", "start": 9, "end": 11, "probability": 0.9685395631219365}], "情感倾向[正向,负向,未提及]": [{"text": "正向", "probability": 0.9996629641197146}]}}], "raw_id": 390}
{"评价维度": [{"text": "讲解", "start": 9, "end": 11, "probability": 0.9900097538225054, "relations": {"观点词": [{"text": "详细", "start": 14, "end": 16, "probability": 0.9778599745047636}], "情感倾向[正向,负向,未提及]": [{"text": "正向", "probability": 0.9994733405383514}]}}, {"text": "学习", "start": 0, "end": 2, "probability": 0.674183718637714, "relations": {"观点词": [{"text": "方便", "start": 6, "end": 8, "probability": 0.9977403220914418}], "情感倾向[正向,负向,未提及]": [{"text": "正向", "probability": 0.9994089864662428}]}}], "raw_id": 393}
{"评价维度": [{"text": "结构", "start": 0, "end": 2, "probability": 0.6629108492388269, "relations": {"观点词": [{"text": "清晰", "start": 2, "end": 4, "probability": 0.9613088556956271}], "情感倾向[正向,负向,未提及]": [{"text": "正向", "probability": 0.9994169678141418}]}}, {"text": "讲解", "start": 5, "end": 7, "probability": 0.9928658054988553, "relations": {"观点词": [{"text": "详细", "start": 7, "end": 9, "probability": 0.9973439296471227}], "情感倾向[正向,负向,未提及]": [{"text": "正向", "probability": 0.9996943707229207}]}}], "raw_id": 394}
{"评价维度": [{"text": "内容", "start": 16, "end": 18, "probability": 0.9366604700001133, "relations": {"观点词": [{"text": "充实", "start": 18, "end": 20, "probability": 0.9718839965323411}], "情感倾向[正向,负向,未提及]": [{"text": "正向", "probability": 0.9996550973379712}]}}, {"text": "讲解", "start": 11, "end": 13, "probability": 0.9891131763597976, "relations": {"观点词": [{"text": "详细", "start": 13, "end": 15, "probability": 0.9934902087771391}], "情感倾向[正向,负向,未提及]": [{"text": "正向", "probability": 0.999674346677736}]}}], "raw_id": 395}
{"评价维度": [{"text": "收获", "start": 3, "end": 5, "probability": 0.9991089855056288, "relations": {"观点词": [{"text": "大", "start": 6, "end": 7, "probability": 0.9817819397567362}], "情感倾向[正向,负向,未提及]": [{"text": "正向", "probability": 0.9995787580375968}]}}], "raw_id": 396}
{"评价维度": [{"text": "讲课", "start": 2, "end": 4, "probability": 0.40220644315091647, "relations": {"观点词": [{"text": "好", "start": 5, "end": 6, "probability": 0.9440625128970765}], "情感倾向[正向,负向,未提及]": [{"text": "正向", "probability": 0.9992834987925932}]}}], "raw_id": 398}
{"评价维度": [{"text": "内容", "start": 9, "end": 11, "probability": 0.9730079335207051, "relations": {"观点词": [{"text": "充实", "start": 13, "end": 15, "probability": 0.996313008613015}], "情感倾向[正向,负向,未提及]": [{"text": "正向", "probability": 0.9997919903430557}]}}], "raw_id": 401}
{"评价维度": [{"text": "能用", "start": 0, "end": 2, "probability": 0.5476327957906335, "relations": {"观点词": [{"text": "简单", "start": 2, "end": 4, "probability": 0.9818459038889031}], "情感倾向[正向,负向,未提及]": [{"text": "正向", "probability": 0.8747562586834334}]}}], "raw_id": 402}
{"评价维度": [{"text": "条理", "start": 14, "end": 16, "probability": 0.4675188965019217, "relations": {"观点词": [{"text": "清晰", "start": 16, "end": 18, "probability": 0.9758678447062294}], "情感倾向[正向,负向,未提及]": [{"text": "正向", "probability": 0.9996731548304751}]}}], "raw_id": 403}
{"评价维度": [{"text": "老师", "start": 0, "end": 2, "probability": 0.4711399383619863, "relations": {"观点词": [{"text": "不错", "start": 5, "end": 7, "probability": 0.8564547573469383}], "情感倾向[正向,负向,未提及]": [{"text": "正向", "probability": 0.9083850916047673}]}}], "raw_id": 405}
{"评价维度": [{"text": "老师", "start": 41, "end": 43, "probability": 0.4778857811114321, "relations": {"观点词": [{"text": "好", "start": 49, "end": 50, "probability": 0.6537111605251908}], "情感倾向[正向,负向,未提及]": [{"text": "正向", "probability": 0.9883419428032525}]}}], "raw_id": 406}
{"评价维度": [{"text": "老师", "start": 8, "end": 10, "probability": 0.9709814606879128, "relations": {"观点词": [{"text": "认真", "start": 11, "end": 13, "probability": 0.9960385130846277}], "情感倾向[正向,负向,未提及]": [{"text": "正向", "probability": 0.99882706019498}]}}], "raw_id": 407}
{"评价维度": [{"text": "老师", "start": 3, "end": 5, "probability": 0.9941491120111188, "relations": {"观点词": [{"text": "棒", "start": 7, "end": 8, "probability": 0.6970660894594829}, {"text": "棒", "start": 1, "end": 2, "probability": 0.8460595965239577}], "情感倾向[正向,负向,未提及]": [{"text": "正向", "probability": 0.9992373823848908}]}}], "raw_id": 408}
{"评价维度": [{"text": "内容", "start": 22, "end": 24, "probability": 0.9879801601445948, "relations": {"观点词": [{"text": "充实", "start": 26, "end": 28, "probability": 0.9912950206036726}], "情感倾向[正向,负向,未提及]": [{"text": "正向", "probability": 0.9996713669928852}]}}], "raw_id": 410}
{"评价维度": [{"text": "课程", "start": 2, "end": 4, "probability": 0.5176045638147002, "relations": {"观点词": [{"text": "喜欢", "start": 6, "end": 8, "probability": 0.95465968525221}], "情感倾向[正向,负向,未提及]": [{"text": "正向", "probability": 0.999608554681739}]}}, {"text": "成绩", "start": 84, "end": 86, "probability": 0.781871892734614, "relations": {"观点词": [{"text": "好", "start": 83, "end": 84, "probability": 0.968812371677739}], "情感倾向[正向,负向,未提及]": [{"text": "正向", "probability": 0.9916305855196583}]}}], "raw_id": 411}
{"评价维度": [{"text": "老师", "start": 0, "end": 2, "probability": 0.8318169945544227, "relations": {"观点词": [{"text": "不错", "start": 5, "end": 7, "probability": 0.8773597994148261}], "情感倾向[正向,负向,未提及]": [{"text": "正向", "probability": 0.9752417647955411}]}}], "raw_id": 412}
{"评价维度": [{"text": "成绩", "start": 13, "end": 15, "probability": 0.9948721059376346, "relations": {"观点词": [{"text": "好", "start": 12, "end": 13, "probability": 0.9959129375038174}], "情感倾向[正向,负向,未提及]": [{"text": "正向", "probability": 0.9957749218901881}]}}], "raw_id": 413}
{"评价维度": [{"text": "感觉", "start": 14, "end": 16, "probability": 0.6314627014100438, "relations": {"观点词": [{"text": "棒", "start": 17, "end": 18, "probability": 0.9813934006121094}], "情感倾向[正向,负向,未提及]": [{"text": "正向", "probability": 0.9968901041700313}]}}, {"text": "老师", "start": 9, "end": 11, "probability": 0.675586563014825, "relations": {"情感倾向[正向,负向,未提及]": [{"text": "正向", "probability": 0.9968813984240512}]}}], "raw_id": 414}
{"评价维度": [{"text": "条理", "start": 26, "end": 28, "probability": 0.59810882674347, "relations": {"观点词": [{"text": "清晰", "start": 28, "end": 30, "probability": 0.9854138079219865}], "情感倾向[正向,负向,未提及]": [{"text": "正向", "probability": 0.9996421058563314}]}}], "raw_id": 415}
{"评价维度": [{"text": "节课", "start": 4, "end": 6, "probability": 0.6419045556648939, "relations": {"观点词": [{"text": "还行", "start": 6, "end": 8, "probability": 0.9985248437604142}], "情感倾向[正向,负向,未提及]": [{"text": "正向", "probability": 0.9995556370587586}]}}], "raw_id": 416}
{"评价维度": [{"text": "讲解", "start": 5, "end": 7, "probability": 0.9711918459775362, "relations": {"观点词": [{"text": "详细", "start": 9, "end": 11, "probability": 0.9944862877387095}], "情感倾向[正向,负向,未提及]": [{"text": "正向", "probability": 0.9996114151292623}]}}], "raw_id": 419}
{"评价维度": [{"text": "声音", "start": 4, "end": 6, "probability": 0.9740976150182661, "relations": {"情感倾向[正向,负向,未提及]": [{"text": "负向", "probability": 0.9888764358274784}]}}], "raw_id": 420}
{"评价维度": [{"text": "老师", "start": 1, "end": 3, "probability": 0.6281118918679205, "relations": {"观点词": [{"text": "长", "start": 3, "end": 4, "probability": 0.858544910790787}], "情感倾向[正向,负向,未提及]": [{"text": "正向", "probability": 0.9966577164870749}]}}, {"text": "说话", "start": 7, "end": 9, "probability": 0.8855736831901595, "relations": {"观点词": [{"text": "好听", "start": 10, "end": 12, "probability": 0.8196754561383202}], "情感倾向[正向,负向,未提及]": [{"text": "正向", "probability": 0.9984136555892746}]}}, {"text": "系统", "start": 41, "end": 43, "probability": 0.7352364162408058, "relations": {"观点词": [{"text": "好", "start": 44, "end": 45, "probability": 0.9828185074518494}], "情感倾向[正向,负向,未提及]": [{"text": "正向", "probability": 0.9988177902847575}]}}], "raw_id": 422}
{"评价维度": [{"text": "老师", "start": 15, "end": 17, "probability": 0.3491989322303368, "relations": {"情感倾向[正向,负向,未提及]": [{"text": "正向", "probability": 0.9821347953151189}]}}], "raw_id": 423}
{"评价维度": [{"text": "知识", "start": 70, "end": 72, "probability": 0.40641652678307594, "relations": {"观点词": [{"text": "实际", "start": 74, "end": 76, "probability": 0.3195954215728847}], "情感倾向[正向,负向,未提及]": [{"text": "正向", "probability": 0.9993554195957017}]}}, {"text": "老师", "start": 19, "end": 21, "probability": 0.5983770850181713, "relations": {"观点词": [{"text": "好", "start": 17, "end": 18, "probability": 0.8198687697471563}], "情感倾向[正向,负向,未提及]": [{"text": "正向", "probability": 0.9935688642435281}]}}], "raw_id": 425}
{"评价维度": [{"text": "资料", "start": 19, "end": 21, "probability": 0.7037653661678789, "relations": {"观点词": [{"text": "多", "start": 14, "end": 15, "probability": 0.6828584137625882}], "情感倾向[正向,负向,未提及]": [{"text": "正向", "probability": 0.9971358642141759}]}}], "raw_id": 426}
{"评价维度": [{"text": "老师", "start": 14, "end": 16, "probability": 0.9495442534552865, "relations": {"观点词": [{"text": "好", "start": 12, "end": 13, "probability": 0.9576801004453372}], "情感倾向[正向,负向,未提及]": [{"text": "正向", "probability": 0.9488328571291049}]}}], "raw_id": 427}
{"评价维度": [{"text": "氛围", "start": 38, "end": 40, "probability": 0.9600573003528154, "relations": {"观点词": [{"text": "好", "start": 41, "end": 42, "probability": 0.9966417950390856}], "情感倾向[正向,负向,未提及]": [{"text": "正向", "probability": 0.9974916673914151}]}}], "raw_id": 428}
{"评价维度": [{"text": "课程", "start": 3, "end": 5, "probability": 0.6005239809893688, "relations": {"观点词": [{"text": "赞", "start": 1, "end": 2, "probability": 0.8909261436404989}], "情感倾向[正向,负向,未提及]": [{"text": "正向", "probability": 0.9997563509619312}]}}, {"text": "思路", "start": 16, "end": 18, "probability": 0.8156680484550947, "relations": {"观点词": [{"text": "清晰", "start": 20, "end": 22, "probability": 0.9674997026691834}], "情感倾向[正向,负向,未提及]": [{"text": "正向", "probability": 0.9995333488729763}]}}, {"text": "老师", "start": 10, "end": 12, "probability": 0.7147127411836891, "relations": {"观点词": [{"text": "佩服", "start": 8, "end": 10, "probability": 0.43139194649849344}, {"text": "强", "start": 95, "end": 96, "probability": 0.8980984902443865}], "情感倾向[正向,负向,未提及]": [{"text": "正向", "probability": 0.9957552946257557}]}}, {"text": "举例", "start": 23, "end": 25, "probability": 0.3832551067438317, "relations": {"观点词": [{"text": "精彩", "start": 27, "end": 29, "probability": 0.9121698186433349}], "情感倾向[正向,负向,未提及]": [{"text": "正向", "probability": 0.9996087332112893}]}}], "raw_id": 429}
{"评价维度": [{"text": "课程", "start": 0, "end": 2, "probability": 0.9990680857568641, "relations": {"观点词": [{"text": "好", "start": 3, "end": 4, "probability": 0.9947776193193647}], "情感倾向[正向,负向,未提及]": [{"text": "正向", "probability": 0.999745861795418}]}}], "raw_id": 430}
{"评价维度": [{"text": "感觉", "start": 53, "end": 55, "probability": 0.8680530853086346, "relations": {"观点词": [{"text": "不错", "start": 57, "end": 59, "probability": 0.9927221239330564}], "情感倾向[正向,负向,未提及]": [{"text": "正向", "probability": 0.9945374410963268}]}}, {"text": "老师", "start": 3, "end": 5, "probability": 0.3711544643520668, "relations": {"情感倾向[正向,负向,未提及]": [{"text": "正向", "probability": 0.9687258154584768}]}}, {"text": "形象", "start": 10, "end": 12, "probability": 0.9859051635247695, "relations": {"观点词": [{"text": "干净", "start": 13, "end": 15, "probability": 0.9135331340707324}], "情感倾向[正向,负向,未提及]": [{"text": "正向", "probability": 0.9993272889473381}]}}, {"text": "吐字", "start": 5, "end": 7, "probability": 0.3286852264284441, "relations": {"观点词": [{"text": "清晰", "start": 7, "end": 9, "probability": 0.9737871752839276}], "情感倾向[正向,负向,未提及]": [{"text": "正向", "probability": 0.9980578226045189}]}}], "raw_id": 432}
{"评价维度": [{"text": "老师", "start": 0, "end": 2, "probability": 0.9217560189737668, "relations": {"观点词": [{"text": "渊博", "start": 4, "end": 6, "probability": 0.6611697630648301}], "情感倾向[正向,负向,未提及]": [{"text": "正向", "probability": 0.99052509629988}]}}], "raw_id": 433}
{"评价维度": [{"text": "耳朵", "start": 5, "end": 7, "probability": 0.9523065671361763, "relations": {"观点词": [{"text": "舒服", "start": 8, "end": 10, "probability": 0.9960933095174056}], "情感倾向[正向,负向,未提及]": [{"text": "正向", "probability": 0.9991890585709484}]}}, {"text": "大脑", "start": 17, "end": 19, "probability": 0.9792510377826247, "relations": {"观点词": [{"text": "舒服", "start": 21, "end": 23, "probability": 0.9912688500263549}], "情感倾向[正向,负向,未提及]": [{"text": "正向", "probability": 0.9994454531056363}]}}, {"text": "眼睛", "start": 11, "end": 13, "probability": 0.9982634578515501, "relations": {"观点词": [{"text": "舒服", "start": 14, "end": 16, "probability": 0.9955454101937846}], "情感倾向[正向,负向,未提及]": [{"text": "正向", "probability": 0.9997847191190914}]}}], "raw_id": 434}
{"评价维度": [{"text": "节奏", "start": 2, "end": 4, "probability": 0.6032148640787227, "relations": {"观点词": [{"text": "好", "start": 4, "end": 5, "probability": 0.9951614326051299}], "情感倾向[正向,负向,未提及]": [{"text": "正向", "probability": 0.9988382600908459}]}}], "raw_id": 436}
{"评价维度": [{"text": "地方", "start": 21, "end": 23, "probability": 0.5719488355575777, "relations": {"情感倾向[正向,负向,未提及]": [{"text": "正向", "probability": 0.42244172023738713}]}}], "raw_id": 438}
{"评价维度": [{"text": "理论", "start": 19, "end": 21, "probability": 0.8631210848655257, "relations": {"观点词": [{"text": "宏观", "start": 16, "end": 18, "probability": 0.9770215957752271}], "情感倾向[正向,负向,未提及]": [{"text": "正向", "probability": 0.9921106234365205}]}}], "raw_id": 440}
{"评价维度": [{"text": "设计", "start": 2, "end": 4, "probability": 0.7800176700343044, "relations": {"情感倾向[正向,负向,未提及]": [{"text": "正向", "probability": 0.9993681712516036}]}}, {"text": "知识", "start": 13, "end": 15, "probability": 0.43613343201496235, "relations": {"观点词": [{"text": "全面", "start": 17, "end": 19, "probability": 0.9777624547090014}], "情感倾向[正向,负向,未提及]": [{"text": "正向", "probability": 0.997757075003129}]}}], "raw_id": 441}
{"评价维度": [{"text": "老师", "start": 0, "end": 2, "probability": 0.4022064501850764, "relations": {"观点词": [{"text": "好", "start": 5, "end": 6, "probability": 0.4611511543842717}], "情感倾向[正向,负向,未提及]": [{"text": "正向", "probability": 0.9533479517348162}]}}], "raw_id": 442}
{"评价维度": [{"text": "课程", "start": 1, "end": 3, "probability": 0.9950601239055779, "relations": {"观点词": [{"text": "好", "start": 0, "end": 1, "probability": 0.9400726964674107}], "情感倾向[正向,负向,未提及]": [{"text": "正向", "probability": 0.9992498969083528}]}}], "raw_id": 443}
{"评价维度": [{"text": "感觉", "start": 5, "end": 7, "probability": 0.7550388918444106, "relations": {"情感倾向[正向,负向,未提及]": [{"text": "正向", "probability": 0.91119216062134}]}}, {"text": "收获", "start": 2, "end": 4, "probability": 0.6705726080678573, "relations": {"情感倾向[正向,负向,未提及]": [{"text": "正向", "probability": 0.734829186722564}]}}], "raw_id": 445}
{"评价维度": [{"text": "系统", "start": 0, "end": 2, "probability": 0.8793499073046149, "relations": {"观点词": [{"text": "认真", "start": 6, "end": 8, "probability": 0.4188936708608537}, {"text": "完全", "start": 2, "end": 4, "probability": 0.5317999054321731}], "情感倾向[正向,负向,未提及]": [{"text": "正向", "probability": 0.9985309786165502}]}}], "raw_id": 447}
{"评价维度": [{"text": "知识", "start": 6, "end": 8, "probability": 0.8297396036625031, "relations": {"观点词": [{"text": "新", "start": 5, "end": 6, "probability": 0.5903376142497692}], "情感倾向[正向,负向,未提及]": [{"text": "正向", "probability": 0.9973342910228951}]}}], "raw_id": 450}
{"评价维度": [{"text": "节课", "start": 1, "end": 3, "probability": 0.8501719244221704, "relations": {"观点词": [{"text": "好", "start": 5, "end": 6, "probability": 0.9828561759379966}], "情感倾向[正向,负向,未提及]": [{"text": "正向", "probability": 0.9996266115527632}]}}], "raw_id": 451}
{"评价维度": [{"text": "推荐", "start": 2, "end": 4, "probability": 0.5230209133209307, "relations": {"观点词": [{"text": "好", "start": 7, "end": 8, "probability": 0.8108498352364535}], "情感倾向[正向,负向,未提及]": [{"text": "正向", "probability": 0.9988245828049465}]}}], "raw_id": 453}
{"评价维度": [{"text": "知识", "start": 4, "end": 6, "probability": 0.7383156421208312, "relations": {"观点词": [{"text": "新", "start": 3, "end": 4, "probability": 0.8782791195690614}], "情感倾向[正向,负向,未提及]": [{"text": "正向", "probability": 0.9995959212252608}]}}], "raw_id": 454}
{"评价维度": [{"text": "结构", "start": 4, "end": 6, "probability": 0.5874737448402456, "relations": {"观点词": [{"text": "合理", "start": 6, "end": 8, "probability": 0.9961285875581183}], "情感倾向[正向,负向,未提及]": [{"text": "正向", "probability": 0.9990842389069385}]}}, {"text": "方式", "start": 11, "end": 13, "probability": 0.7877282013336462, "relations": {"观点词": [{"text": "简洁", "start": 13, "end": 15, "probability": 0.7311910104158983}], "情感倾向[正向,负向,未提及]": [{"text": "正向", "probability": 0.9932325490226006}]}}], "raw_id": 455}
{"评价维度": [{"text": "内容", "start": 63, "end": 65, "probability": 0.7407762413237151, "relations": {"观点词": [{"text": "丰富", "start": 71, "end": 73, "probability": 0.7377500691359025}], "情感倾向[正向,负向,未提及]": [{"text": "正向", "probability": 0.75318539602128}]}}], "raw_id": 456}
{"评价维度": [{"text": "形式", "start": 5, "end": 7, "probability": 0.9354187069117579, "relations": {"观点词": [{"text": "方便", "start": 8, "end": 10, "probability": 0.9887430727844162}], "情感倾向[正向,负向,未提及]": [{"text": "正向", "probability": 0.9993319435376407}]}}], "raw_id": 462}
{"评价维度": [{"text": "比例", "start": 39, "end": 41, "probability": 0.9657200718591099, "relations": {"观点词": [{"text": "大", "start": 43, "end": 44, "probability": 0.9824321021677846}], "情感倾向[正向,负向,未提及]": [{"text": "负向", "probability": 0.36174258350776256}]}}], "raw_id": 464}
{"评价维度": [{"text": "讲义", "start": 5, "end": 7, "probability": 0.6749983584894714, "relations": {"观点词": [{"text": "精致", "start": 7, "end": 9, "probability": 0.9975471958995819}], "情感倾向[正向,负向,未提及]": [{"text": "正向", "probability": 0.9995309662014655}]}}, {"text": "效果", "start": 15, "end": 17, "probability": 0.9877977575931602, "relations": {"观点词": [{"text": "显著", "start": 17, "end": 19, "probability": 0.9947994668191029}], "情感倾向[正向,负向,未提及]": [{"text": "正向", "probability": 0.9992284443822328}]}}, {"text": "内容", "start": 0, "end": 2, "probability": 0.9952564483671722, "relations": {"观点词": [{"text": "详实", "start": 2, "end": 4, "probability": 0.994734755965311}], "情感倾向[正向,负向,未提及]": [{"text": "正向", "probability": 0.9997674361937356}]}}], "raw_id": 465}
{"评价维度": [{"text": "内容", "start": 21, "end": 23, "probability": 0.9040935493897528, "relations": {"观点词": [{"text": "完整", "start": 25, "end": 27, "probability": 0.9259989547497867}], "情感倾向[正向,负向,未提及]": [{"text": "正向", "probability": 0.9992099177032152}]}}], "raw_id": 468}
{"评价维度": [{"text": "讲课", "start": 2, "end": 4, "probability": 0.5969269156742207, "relations": {"观点词": [{"text": "好", "start": 6, "end": 7, "probability": 0.9886764932986303}], "情感倾向[正向,负向,未提及]": [{"text": "正向", "probability": 0.9991400826212953}]}}], "raw_id": 470}
{"评价维度": [{"text": "讲解", "start": 3, "end": 5, "probability": 0.8568628191331484, "relations": {"观点词": [{"text": "细致", "start": 7, "end": 9, "probability": 0.9219953058460746}], "情感倾向[正向,负向,未提及]": [{"text": "正向", "probability": 0.9991460456151913}]}}], "raw_id": 471}
{"评价维度": [{"text": "学习", "start": 2, "end": 4, "probability": 0.9388609500513212, "relations": {"观点词": [{"text": "多", "start": 6, "end": 7, "probability": 0.9918705951714912}], "情感倾向[正向,负向,未提及]": [{"text": "正向", "probability": 0.9971778916951273}]}}], "raw_id": 472}
{"评价维度": [{"text": "课程", "start": 0, "end": 2, "probability": 0.999143657904682, "relations": {"观点词": [{"text": "不错", "start": 3, "end": 5, "probability": 0.9968949062037034}], "情感倾向[正向,负向,未提及]": [{"text": "正向", "probability": 0.9991417545414549}]}}], "raw_id": 473}
{"评价维度": [{"text": "课程", "start": 0, "end": 2, "probability": 0.9985851855869043, "relations": {"观点词": [{"text": "不错", "start": 3, "end": 5, "probability": 0.9993754993575266}], "情感倾向[正向,负向,未提及]": [{"text": "正向", "probability": 0.9996204132724884}]}}], "raw_id": 474}
{"评价维度": [{"text": "老师", "start": 0, "end": 2, "probability": 0.9994913859158032, "relations": {"观点词": [{"text": "棒", "start": 4, "end": 5, "probability": 0.9951537856155248}], "情感倾向[正向,负向,未提及]": [{"text": "正向", "probability": 0.9996081974431981}]}}], "raw_id": 475}
{"评价维度": [{"text": "用心", "start": 1, "end": 3, "probability": 0.6843214800333612, "relations": {"观点词": [{"text": "棒", "start": 4, "end": 5, "probability": 0.9462095578833924}], "情感倾向[正向,负向,未提及]": [{"text": "正向", "probability": 0.9996397819561302}]}}], "raw_id": 476}
{"评价维度": [{"text": "时间", "start": 13, "end": 15, "probability": 0.9859785369402623, "relations": {"观点词": [{"text": "长", "start": 18, "end": 19, "probability": 0.9086815942964144}], "情感倾向[正向,负向,未提及]": [{"text": "负向", "probability": 0.9504721731311037}]}}], "raw_id": 478}
{"评价维度": [{"text": "老师", "start": 0, "end": 2, "probability": 0.7792236593762851, "relations": {"观点词": [{"text": "好", "start": 10, "end": 11, "probability": 0.7999759079556696}], "情感倾向[正向,负向,未提及]": [{"text": "正向", "probability": 0.9947383420498852}]}}], "raw_id": 480}
{"评价维度": [{"text": "流弊", "start": 1, "end": 3, "probability": 0.8068776526624681, "relations": {"观点词": [{"text": "好", "start": 3, "end": 4, "probability": 0.9722910936536024}], "情感倾向[正向,负向,未提及]": [{"text": "正向", "probability": 0.9805578082698503}]}}], "raw_id": 481}
{"评价维度": [{"text": "老师", "start": 1, "end": 3, "probability": 0.8078026874782296, "relations": {"观点词": [{"text": "好", "start": 31, "end": 32, "probability": 0.9805230307417929}], "情感倾向[正向,负向,未提及]": [{"text": "正向", "probability": 0.9981476905319653}]}}, {"text": "讲课", "start": 21, "end": 23, "probability": 0.8882325146771564, "relations": {"观点词": [{"text": "好", "start": 25, "end": 26, "probability": 0.9611861745662083}], "情感倾向[正向,负向,未提及]": [{"text": "正向", "probability": 0.9994524274763528}]}}], "raw_id": 482}
{"评价维度": [{"text": "课程", "start": 3, "end": 5, "probability": 0.9986565960760458, "relations": {"观点词": [{"text": "好", "start": 1, "end": 2, "probability": 0.7398814330992991}], "情感倾向[正向,负向,未提及]": [{"text": "正向", "probability": 0.9997187442002513}]}}], "raw_id": 485}
{"评价维度": [{"text": "汇编", "start": 30, "end": 32, "probability": 0.32154544312958677, "relations": {"观点词": [{"text": "不行", "start": 32, "end": 34, "probability": 0.9917514938944265}], "情感倾向[正向,负向,未提及]": [{"text": "负向", "probability": 0.9969189427739522}]}}], "raw_id": 486}
{"评价维度": [{"text": "废话", "start": 93, "end": 95, "probability": 0.9814047149864678, "relations": {"观点词": [{"text": "多", "start": 96, "end": 97, "probability": 0.998030037589956}], "情感倾向[正向,负向,未提及]": [{"text": "正向", "probability": 0.9665627562307293}]}}], "raw_id": 488}
{"评价维度": [{"text": "老师", "start": 1, "end": 3, "probability": 0.5686858962004777, "relations": {"观点词": [{"text": "好", "start": 6, "end": 7, "probability": 0.5511309316636535}], "情感倾向[正向,负向,未提及]": [{"text": "正向", "probability": 0.9646635602230873}]}}], "raw_id": 490}
{"评价维度": [{"text": "音乐", "start": 2, "end": 4, "probability": 0.9527521614928034, "relations": {"观点词": [{"text": "难受", "start": 5, "end": 7, "probability": 0.7280550965229864}], "情感倾向[正向,负向,未提及]": [{"text": "负向", "probability": 0.2985108757599164}]}}], "raw_id": 491}
{"评价维度": [{"text": "音乐", "start": 27, "end": 29, "probability": 0.9477679246741388, "relations": {"观点词": [{"text": "疼", "start": 32, "end": 33, "probability": 0.43358491531665777}], "情感倾向[正向,负向,未提及]": [{"text": "负向", "probability": 0.8044451099407297}]}}], "raw_id": 493}
{"评价维度": [{"text": "老师", "start": 3, "end": 5, "probability": 0.9270683122071688, "relations": {"观点词": [{"text": "好", "start": 6, "end": 7, "probability": 0.9942280855286185}], "情感倾向[正向,负向,未提及]": [{"text": "正向", "probability": 0.9982469516728543}]}}], "raw_id": 495}
{"评价维度": [{"text": "音乐", "start": 9, "end": 11, "probability": 0.9939424149825626, "relations": {"观点词": [{"text": "大", "start": 12, "end": 13, "probability": 0.9916287125325169}], "情感倾向[正向,负向,未提及]": [{"text": "负向", "probability": 0.8774269720831427}]}}], "raw_id": 496}
{"评价维度": [{"text": "老师", "start": 0, "end": 2, "probability": 0.8665752108878308, "relations": {"观点词": [{"text": "不", "start": 5, "end": 6, "probability": 0.5819491571043542}], "情感倾向[正向,负向,未提及]": [{"text": "负向", "probability": 0.9810589777000089}]}}], "raw_id": 497}
{"评价维度": [{"text": "干扰", "start": 11, "end": 13, "probability": 0.9947602471763517, "relations": {"观点词": [{"text": "大", "start": 14, "end": 15, "probability": 0.9094642521140841}], "情感倾向[正向,负向,未提及]": [{"text": "正向", "probability": 0.9570995126797897}]}}], "raw_id": 500}
{"评价维度": [{"text": "老师", "start": 7, "end": 9, "probability": 0.9088386772525752, "relations": {"情感倾向[正向,负向,未提及]": [{"text": "正向", "probability": 0.9800846741204765}]}}], "raw_id": 502}
{"评价维度": [{"text": "课程", "start": 0, "end": 2, "probability": 0.9975403708356865, "relations": {"观点词": [{"text": "不错", "start": 3, "end": 5, "probability": 0.9995099275770869}], "情感倾向[正向,负向,未提及]": [{"text": "正向", "probability": 0.9984997581268544}]}}, {"text": "味性", "start": 20, "end": 22, "probability": 0.8185030698534064, "relations": {"观点词": [{"text": "低", "start": 22, "end": 23, "probability": 0.9927806044512231}], "情感倾向[正向,负向,未提及]": [{"text": "负向", "probability": 0.995928170533908}]}}], "raw_id": 504}
{"评价维度": [{"text": "音乐", "start": 2, "end": 4, "probability": 0.6563658869898212, "relations": {"观点词": [{"text": "好", "start": 8, "end": 9, "probability": 0.6421028489894809}], "情感倾向[正向,负向,未提及]": [{"text": "负向", "probability": 0.7602120741703615}]}}], "raw_id": 505}
{"评价维度": [{"text": "资料", "start": 52, "end": 54, "probability": 0.5799037500446502, "relations": {"观点词": [{"text": "广泛", "start": 56, "end": 58, "probability": 0.37930984990328653}, {"text": "丰富", "start": 47, "end": 49, "probability": 0.887040647216395}], "情感倾向[正向,负向,未提及]": [{"text": "正向", "probability": 0.9987897356009441}]}}, {"text": "课程", "start": 17, "end": 19, "probability": 0.977202404030777, "relations": {"观点词": [{"text": "好", "start": 21, "end": 22, "probability": 0.888291106311236}], "情感倾向[正向,负向,未提及]": [{"text": "正向", "probability": 0.9979102161434099}]}}, {"text": "资料", "start": 45, "end": 47, "probability": 0.9913875946401021, "relations": {"观点词": [{"text": "广泛", "start": 56, "end": 58, "probability": 0.37930984990328653}, {"text": "丰富", "start": 47, "end": 49, "probability": 0.887040647216395}], "情感倾向[正向,负向,未提及]": [{"text": "正向", "probability": 0.9987897356009441}]}}], "raw_id": 509}
{"评价维度": [{"text": "知识", "start": 3, "end": 5, "probability": 0.3254751320387719, "relations": {"观点词": [{"text": "到位", "start": 10, "end": 12, "probability": 0.4387614130705657}, {"text": "普及", "start": 5, "end": 7, "probability": 0.5483458326956736}], "情感倾向[正向,负向,未提及]": [{"text": "正向", "probability": 0.44829862709486434}]}}, {"text": "老师", "start": 13, "end": 15, "probability": 0.6871260458842343, "relations": {"观点词": [{"text": "详细", "start": 19, "end": 21, "probability": 0.5221510525860964}], "情感倾向[正向,负向,未提及]": [{"text": "正向", "probability": 0.9972485503465762}]}}], "raw_id": 510}
{"评价维度": [{"text": "课程", "start": 3, "end": 5, "probability": 0.38414699937860064, "relations": {"情感倾向[正向,负向,未提及]": [{"text": "正向", "probability": 0.9916206594060029}]}}], "raw_id": 511}
{"评价维度": [{"text": "学者", "start": 48, "end": 50, "probability": 0.5892244412164729, "relations": {"观点词": [{"text": "友好", "start": 51, "end": 53, "probability": 0.9051176356592805}], "情感倾向[正向,负向,未提及]": [{"text": "正向", "probability": 0.9831310218972078}]}}], "raw_id": 512}
{"评价维度": [{"text": "老师", "start": 0, "end": 2, "probability": 0.417444239836243, "relations": {"观点词": [{"text": "细致", "start": 5, "end": 7, "probability": 0.9745147820194298}], "情感倾向[正向,负向,未提及]": [{"text": "正向", "probability": 0.9974291832027866}]}}], "raw_id": 513}
{"评价维度": [{"text": "讲", "start": 0, "end": 1, "probability": 0.4401668534387255, "relations": {"观点词": [{"text": "好", "start": 4, "end": 5, "probability": 0.8621683958482613}], "情感倾向[正向,负向,未提及]": [{"text": "正向", "probability": 0.999223310953063}]}}], "raw_id": 514}
{"评价维度": [{"text": "老师", "start": 19, "end": 21, "probability": 0.37885627742487316, "relations": {"情感倾向[正向,负向,未提及]": [{"text": "负向", "probability": 0.8088937875127229}]}}], "raw_id": 515}
{"评价维度": [{"text": "教学效果", "start": 17, "end": 21, "probability": 0.7134684534644293, "relations": {"观点词": [{"text": "良好", "start": 14, "end": 16, "probability": 0.913919441443749}], "情感倾向[正向,负向,未提及]": [{"text": "正向", "probability": 0.9987599511457645}]}}, {"text": "方法", "start": 81, "end": 83, "probability": 0.5709651892238448, "relations": {"观点词": [{"text": "新颖", "start": 83, "end": 85, "probability": 0.6920276379655697}], "情感倾向[正向,负向,未提及]": [{"text": "正向", "probability": 0.9992159314124862}]}}, {"text": "气氛", "start": 108, "end": 110, "probability": 0.7229706498960802, "relations": {"情感倾向[正向,负向,未提及]": [{"text": "正向", "probability": 0.9980712811041919}]}}], "raw_id": 517}
{"评价维度": [{"text": "质量", "start": 115, "end": 117, "probability": 0.6569546325924449, "relations": {"观点词": [{"text": "高", "start": 114, "end": 115, "probability": 0.34115296553812513}], "情感倾向[正向,负向,未提及]": [{"text": "正向", "probability": 0.9996378118035665}]}}, {"text": "内容", "start": 124, "end": 126, "probability": 0.5185375974921875, "relations": {"观点词": [{"text": "新颖", "start": 126, "end": 128, "probability": 0.9441809482938766}], "情感倾向[正向,负向,未提及]": [{"text": "正向", "probability": 0.9996382911917792}]}}, {"text": "课程", "start": 17, "end": 19, "probability": 0.9570956115937967, "relations": {"观点词": [{"text": "好", "start": 21, "end": 22, "probability": 0.5726017419539353}], "情感倾向[正向,负向,未提及]": [{"text": "正向", "probability": 0.9986359324464118}]}}, {"text": "效果", "start": 74, "end": 76, "probability": 0.5853478099467679, "relations": {"观点词": [{"text": "佳", "start": 77, "end": 78, "probability": 0.7179591548108988}], "情感倾向[正向,负向,未提及]": [{"text": "正向", "probability": 0.9995865056748876}]}}, {"text": "资料", "start": 45, "end": 47, "probability": 0.9676439238259782, "relations": {"观点词": [{"text": "丰富", "start": 47, "end": 49, "probability": 0.8052695054035652}, {"text": "广泛", "start": 56, "end": 58, "probability": 0.4100095298324291}], "情感倾向[正向,负向,未提及]": [{"text": "正向", "probability": 0.9988687855069678}]}}, {"text": "资料", "start": 52, "end": 54, "probability": 0.5127502256984968, "relations": {"观点词": [{"text": "丰富", "start": 47, "end": 49, "probability": 0.8052695054035652}, {"text": "广泛", "start": 56, "end": 58, "probability": 0.4100095298324291}], "情感倾向[正向,负向,未提及]": [{"text": "正向", "probability": 0.9988687855069678}]}}, {"text": "内容", "start": 107, "end": 109, "probability": 0.47662667480365073, "relations": {"观点词": [{"text": "新颖", "start": 126, "end": 128, "probability": 0.9441809482938766}], "情感倾向[正向,负向,未提及]": [{"text": "正向", "probability": 0.9996382911917792}]}}], "raw_id": 518}
{"评价维度": [{"text": "知识", "start": 5, "end": 7, "probability": 0.4801683580580729, "relations": {"观点词": [{"text": "很多", "start": 3, "end": 5, "probability": 0.7451259147240066}], "情感倾向[正向,负向,未提及]": [{"text": "正向", "probability": 0.9920709305248252}]}}], "raw_id": 519}
{"评价维度": [{"text": "管理", "start": 7, "end": 9, "probability": 0.9829534252231298, "relations": {"观点词": [{"text": "详细", "start": 11, "end": 13, "probability": 0.9908586694033445}], "情感倾向[正向,负向,未提及]": [{"text": "正向", "probability": 0.9991599851226596}]}}], "raw_id": 521}
{"评价维度": [{"text": "内容", "start": 2, "end": 4, "probability": 0.849238291752421, "relations": {"观点词": [{"text": "丰富", "start": 4, "end": 6, "probability": 0.9902958454671378}], "情感倾向[正向,负向,未提及]": [{"text": "正向", "probability": 0.9996330471761183}]}}], "raw_id": 524}
{"评价维度": [{"text": "帮助", "start": 5, "end": 7, "probability": 0.9708407972456001, "relations": {"观点词": [{"text": "大", "start": 8, "end": 9, "probability": 0.9841212406450239}], "情感倾向[正向,负向,未提及]": [{"text": "正向", "probability": 0.9994918747828514}]}}], "raw_id": 525}
{"评价维度": [{"text": "小白", "start": 28, "end": 30, "probability": 0.8311101103279626, "relations": {"观点词": [{"text": "友好", "start": 32, "end": 34, "probability": 0.92775219036929}], "情感倾向[正向,负向,未提及]": [{"text": "正向", "probability": 0.9959247282346055}]}}], "raw_id": 527}
{"评价维度": [{"text": "制作", "start": 2, "end": 4, "probability": 0.7442998661160161, "relations": {"观点词": [{"text": "精致", "start": 6, "end": 8, "probability": 0.9808730360458497}], "情感倾向[正向,负向,未提及]": [{"text": "正向", "probability": 0.9970072980215932}]}}], "raw_id": 528}
{"评价维度": [{"text": "东西", "start": 10, "end": 12, "probability": 0.88124917952495, "relations": {"观点词": [{"text": "实用", "start": 2, "end": 4, "probability": 0.9015744911135215}], "情感倾向[正向,负向,未提及]": [{"text": "正向", "probability": 0.9979258605629227}]}}], "raw_id": 529}
{"评价维度": [{"text": "理论", "start": 0, "end": 2, "probability": 0.3678607205975766, "relations": {"观点词": [{"text": "实践", "start": 3, "end": 5, "probability": 0.799245563885016}], "情感倾向[正向,负向,未提及]": [{"text": "正向", "probability": 0.9963821399156885}]}}], "raw_id": 530}
{"评价维度": [{"text": "课程", "start": 10, "end": 12, "probability": 0.29166499531671164, "relations": {"观点词": [{"text": "赞", "start": 8, "end": 9, "probability": 0.9548439034664433}], "情感倾向[正向,负向,未提及]": [{"text": "正向", "probability": 0.9676261545146048}]}}], "raw_id": 531}
{"评价维度": [{"text": "内容", "start": 7, "end": 9, "probability": 0.9953846487747775, "relations": {"观点词": [{"text": "丰富", "start": 11, "end": 13, "probability": 0.9977194569212529}], "情感倾向[正向,负向,未提及]": [{"text": "正向", "probability": 0.9994713757988798}]}}], "raw_id": 532}
{"评价维度": [{"text": "时间", "start": 2, "end": 4, "probability": 0.9570307908902329, "relations": {"观点词": [{"text": "长", "start": 1, "end": 2, "probability": 0.43692978610650357}], "情感倾向[正向,负向,未提及]": [{"text": "负向", "probability": 0.7371752574584178}]}}], "raw_id": 534}
{"评价维度": [{"text": "老师", "start": 0, "end": 2, "probability": 0.5091740637523969, "relations": {"观点词": [{"text": "好", "start": 5, "end": 6, "probability": 0.6979357269152899}], "情感倾向[正向,负向,未提及]": [{"text": "正向", "probability": 0.9918834683759599}]}}], "raw_id": 538}
{"评价维度": [{"text": "知识", "start": 5, "end": 7, "probability": 0.8468561493486106, "relations": {"观点词": [{"text": "很多", "start": 3, "end": 5, "probability": 0.778864062325372}], "情感倾向[正向,负向,未提及]": [{"text": "正向", "probability": 0.9960260031723536}]}}], "raw_id": 544}
{"评价维度": [{"text": "课程", "start": 4, "end": 6, "probability": 0.9972544845955227, "relations": {"观点词": [{"text": "好", "start": 2, "end": 3, "probability": 0.9808771716814064}], "情感倾向[正向,负向,未提及]": [{"text": "正向", "probability": 0.9997340616855013}]}}], "raw_id": 545}
